Workbook

Sheet intro
A1: EBSO follow up - data center in space
B3: Sheet | C3: Content
B4: Data | C4: Quantitative scenario definitions - GW moved from earth to space
B6: Share of DC in US | C6: 0.65 | D6: Nvidia assumption

Sheet data
A1: Indicator | B1: Scenario | C1: Unit | D1: 2030 | E1: 2035 | F1: 2040 | G1: Reduction % 2030 | H1: Reduction % 2035 | I1: Reduction % 2040 | J1: Source | K1: Comment
A2: GW moved to space - global | B2: Disruptive | C2: GW Facility Capacity Total Installed (cum.) | D2: 0 | E2: 52 | F2: 100 | G2: 0 | H2: =E2/580 -> 0.089655172 | I2: =F2/749 -> 0.13351135 | J2: 2035 GS MC DC analysis p.4 | K2: 2040 extrapolated
A3: GW moved to space - global | B3: Base | C3: GW Facility Capacity Total Installed (cum.) | D3: 0 | E3: 23 | F3: 40 | G3: 0 | H3: =E3/580 -> 0.039655172 | I3: =F3/749 -> 0.053404539 | J3: 2036 GS MC DC analysis p.4 | K3: 2040 extrapolated
A4: GW moved to space - global | B4: SpaceX Vision | C4: GW Facility Capacity Total Installed (cum.) | D4: 0 | E4: 100 | F4: 200 | G4: 0 | H4: =E4/580 -> 0.17241379 | I4: =F4/749 -> 0.2670227 | J4: 2037 GS MC DC analysis p.4 | K4: 2040 extrapolated
A5: GW moved to space - USA | B5: Disruptive | C5: GW Facility Capacity Total Installed (cum.) | D5: =D2*intro!$C$6 -> 0 | E5: =E2*intro!$C$6 -> 33.8 | F5: =F2*intro!$C$6 -> 65 | G5: 0 | H5: =E5/395 -> 0.08556962 | I5: =F5/509 -> 0.12770138 | K5: US downscaled using Nvidia estimate
A6: GW moved to space - USA | B6: Base | C6: GW Facility Capacity Total Installed (cum.) | D6: =D3*intro!$C$6 -> 0 | E6: =E3*intro!$C$6 -> 14.95 | F6: =F3*intro!$C$6 -> 26 | G6: 0 | H6: =E6/395 -> 0.037848101 | I6: =F6/509 -> 0.05108055 | K6: US downscaled using Nvidia estimate
A7: GW moved to space - USA | B7: SpaceX Vision | C7: GW Facility Capacity Total Installed (cum.) | D7: =D4*intro!$C$6 -> 0 | E7: =E4*intro!$C$6 -> 65 | F7: =F4*intro!$C$6 -> 130 | G7: 0 | H7: =E7/395 -> 0.16455696 | I7: =F7/509 -> 0.25540275 | K7: US downscaled using Nvidia estimate
